$ eslint .

G:\StackGate\examples\contract-drift-demo\apps\web\dist\assets\index-B2qh2rsD.js
  1:345     error  Expected an assignment or function call and instead saw an expression  @typescript-eslint/no-unused-expressions
  1:842     error  Expected an assignment or function call and instead saw an expression  @typescript-eslint/no-unused-expressions
  1:1085    error  Expected an assignment or function call and instead saw an expression  @typescript-eslint/no-unused-expressions
  1:1161    error  Expected an assignment or function call and instead saw an expression  @typescript-eslint/no-unused-expressions
  1:1776    error  Expected an assignment or function call and instead saw an expression  @typescript-eslint/no-unused-expressions
  1:1883    error  Expected an assignment or function call and instead saw an expression  @typescript-eslint/no-unused-expressions
  1:1921    error  Expected an assignment or function call and instead saw an expression  @typescript-eslint/no-unused-expressions
  1:2099    error  Expected an assignment or function call and instead saw an expression  @typescript-eslint/no-unused-expressions
  1:2244    error  Expected an assignment or function call and instead saw an expression  @typescript-eslint/no-unused-expressions
  1:2351    error  Expected an assignment or function call and instead saw an expression  @typescript-eslint/no-unused-expressions
  1:2382    error  Expected an assignment or function call and instead saw an expression  @typescript-eslint/no-unused-expressions
  1:2452    error  Expected an assignment or function call and instead saw an expression  @typescript-eslint/no-unused-expressions
  1:2505    error  Expected an assignment or function call and instead saw an expression  @typescript-eslint/no-unused-expressions
  1:2539    error  Expected an assignment or function call and instead saw an expression  @typescript-eslint/no-unused-expressions
  1:2678    error  Expected an assignment or function call and instead saw an expression  @typescript-eslint/no-unused-expressions
  1:2819    error  Expected an assignment or function call and instead saw an expression  @typescript-eslint/no-unused-expressions
  1:3082    error  Expected an assignment or function call and instead saw an expression  @typescript-eslint/no-unused-expressions
  1:5007    error  Expected an assignment or function call and instead saw an expression  @typescript-eslint/no-unused-expressions
  1:5065    error  Expected an assignment or function call and instead saw an expression  @typescript-eslint/no-unused-expressions
  1:5502    error  Expected an assignment or function call and instead saw an expression  @typescript-eslint/no-unused-expressions
  1:5586    error  Expected an assignment or function call and instead saw an expression  @typescript-eslint/no-unused-expressions
  1:6337    error  Expected an assignment or function call and instead saw an expression  @typescript-eslint/no-unused-expressions
  1:6405    error  Expected an assignment or function call and instead saw an expression  @typescript-eslint/no-unused-expressions
  1:6581    error  Expected an assignment or function call and instead saw an expression  @typescript-eslint/no-unused-expressions
  1:7125    error  Expected an assignment or function call and instead saw an expression  @typescript-eslint/no-unused-expressions
  1:7237    error  Expected an assignment or function call and instead saw an expression  @typescript-eslint/no-unused-expressions
  1:7758    error  Expected an assignment or function call and instead saw an expression  @typescript-eslint/no-unused-expressions
  1:7777    error  Expected an assignment or function call and instead saw an expression  @typescript-eslint/no-unused-expressions
  1:7901    error  Expected an assignment or function call and instead saw an expression  @typescript-eslint/no-unused-expressions
  1:8593    error  Expected an assignment or function call and instead saw an expression  @typescript-eslint/no-unused-expressions
  1:8649    error  Expected an assignment or function call and instead saw an expression  @typescript-eslint/no-unused-expressions
  1:8753    error  Expected an assignment or function call and instead saw an expression  @typescript-eslint/no-unused-expressions
  1:8856    error  Expected an assignment or function call and instead saw an expression  @typescript-eslint/no-unused-expressions
  1:9256    error  Expected an assignment or function call and instead saw an expression  @typescript-eslint/no-unused-expressions
  1:9865    error  Expected an assignment or function call and instead saw an expression  @typescript-eslint/no-unused-expressions
  1:10384   error  Expected an assignment or function call and instead saw an expression  @typescript-eslint/no-unused-expressions
  1:10624   error  Expected an assignment or function call and instead saw an expression  @typescript-eslint/no-unused-expressions
  1:13084   error  Expected an assignment or function call and instead saw an expression  @typescript-eslint/no-unused-expressions
  1:13476   error  Expected an assignment or function call and instead saw an expression  @typescript-eslint/no-unused-expressions
  1:13525   error  Expected an assignment or function call and instead saw an expression  @typescript-eslint/no-unused-expressions
  1:13667   error  Expected an assignment or function call and instead saw an expression  @typescript-eslint/no-unused-expressions
  1:13910   error  Expected an assignment or function call and instead saw an expression  @typescript-eslint/no-unused-expressions
  1:14484   error  Expected an assignment or function call and instead saw an expression  @typescript-eslint/no-unused-expressions
  1:15918   error  Expected an assignment or function call and instead saw an expression  @typescript-eslint/no-unused-expressions
  1:16453   error  Expected an assignment or function call and instead saw an expression  @typescript-eslint/no-unused-expressions
  1:17258   error  Expected an assignment or function call and instead saw an expression  @typescript-eslint/no-unused-expressions
  1:17308   error  Expected an assignment or function call and instead saw an expression  @typescript-eslint/no-unused-expressions
  1:17337   error  Expected an assignment or function call and instead saw an expression  @typescript-eslint/no-unused-expressions
  1:17403   error  Expected an assignment or function call and instead saw an expression  @typescript-eslint/no-unused-expressions
  1:17432   error  Expected an assignment or function call and instead saw an expression  @typescript-eslint/no-unused-expressions
  1:18994   error  Expected an assignment or function call and instead saw an expression  @typescript-eslint/no-unused-expressions
  1:19017   error  Expected an assignment or function call and instead saw an expression  @typescript-eslint/no-unused-expressions
  1:19084   error  Expected an assignment or function call and instead saw an expression  @typescript-eslint/no-unused-expressions
  1:20624   error  Expected an assignment or function call and instead saw an expression  @typescript-eslint/no-unused-expressions
  1:20951   error  Expected an assignment or function call and instead saw an expression  @typescript-eslint/no-unused-expressions
  1:21009   error  Expected an assignment or function call and instead saw an expression  @typescript-eslint/no-unused-expressions
  1:21271   error  Expected an assignment or function call and instead saw an expression  @typescript-eslint/no-unused-expressions
  1:21358   error  Expected an assignment or function call and instead saw an expression  @typescript-eslint/no-unused-expressions
  1:21387   error  Expected an assignment or function call and instead saw an expression  @typescript-eslint/no-unused-expressions
  1:21445   error  Expected an assignment or function call and instead saw an expression  @typescript-eslint/no-unused-expressions
  1:21530   error  Expected an assignment or function call and instead saw an expression  @typescript-eslint/no-unused-expressions
  1:21570   error  Expected an assignment or function call and instead saw an expression  @typescript-eslint/no-unused-expressions
  1:21757   error  Expected an assignment or function call and instead saw an expression  @typescript-eslint/no-unused-expressions
  3:509     error  Expected an assignment or function call and instead saw an expression  @typescript-eslint/no-unused-expressions
  3:619     error  Expected an assignment or function call and instead saw an expression  @typescript-eslint/no-unused-expressions
  3:743     error  Expected an assignment or function call and instead saw an expression  @typescript-eslint/no-unused-expressions
  3:1038    error  Expected an assignment or function call and instead saw an expression  @typescript-eslint/no-unused-expressions
  6:163     error  Expected an assignment or function call and instead saw an expression  @typescript-eslint/no-unused-expressions
  6:671     error  Expected an assignment or function call and instead saw an expression  @typescript-eslint/no-unused-expressions
  8:1773    error  Expected an assignment or function call and instead saw an expression  @typescript-eslint/no-unused-expressions
  8:1875    error  Expected an assignment or function call and instead saw an expression  @typescript-eslint/no-unused-expressions
  8:2475    error  Expected an assignment or function call and instead saw an expression  @typescript-eslint/no-unused-expressions
  8:2605    error  Expected an assignment or function call and instead saw an expression  @typescript-eslint/no-unused-expressions
  8:2864    error  Expected an assignment or function call and instead saw an expression  @typescript-eslint/no-unused-expressions
  8:2947    error  Expected an assignment or function call and instead saw an expression  @typescript-eslint/no-unused-expressions
  8:2984    error  Expected an assignment or function call and instead saw an expression  @typescript-eslint/no-unused-expressions
  8:3075    error  Expected an assignment or function call and instead saw an expression  @typescript-eslint/no-unused-expressions
  8:3129    error  Expected an assignment or function call and instead saw an expression  @typescript-eslint/no-unused-expressions
  8:3298    error  Expected an assignment or function call and instead saw an expression  @typescript-eslint/no-unused-expressions
  8:4241    error  Expected an assignment or function call and instead saw an expression  @typescript-eslint/no-unused-expressions
  8:4498    error  Expected an assignment or function call and instead saw an expression  @typescript-eslint/no-unused-expressions
  8:4934    error  Expected an assignment or function call and instead saw an expression  @typescript-eslint/no-unused-expressions
  8:6786    error  Expected an assignment or function call and instead saw an expression  @typescript-eslint/no-unused-expressions
  8:6948    error  Expected an assignment or function call and instead saw an expression  @typescript-eslint/no-unused-expressions
  8:7397    error  Expected an assignment or function call and instead saw an expression  @typescript-eslint/no-unused-expressions
  8:8207    error  Expected an assignment or function call and instead saw an expression  @typescript-eslint/no-unused-expressions
  8:8295    error  Expected an assignment or function call and instead saw an expression  @typescript-eslint/no-unused-expressions
  8:8502    error  Expected an assignment or function call and instead saw an expression  @typescript-eslint/no-unused-expressions
  8:8656    error  Expected an assignment or function call and instead saw an expression  @typescript-eslint/no-unused-expressions
  8:8826    error  Expected an assignment or function call and instead saw an expression  @typescript-eslint/no-unused-expressions
  8:8879    error  Expected an assignment or function call and instead saw an expression  @typescript-eslint/no-unused-expressions
  8:8913    error  Expected an assignment or function call and instead saw an expression  @typescript-eslint/no-unused-expressions
  8:9018    error  Expected an assignment or function call and instead saw an expression  @typescript-eslint/no-unused-expressions
  8:9228    error  Expected an assignment or function call and instead saw an expression  @typescript-eslint/no-unused-expressions
  8:9239    error  Expected an assignment or function call and instead saw an expression  @typescript-eslint/no-unused-expressions
  8:10453   error  Expected an assignment or function call and instead saw an expression  @typescript-eslint/no-unused-expressions
  8:10766   error  Expected an assignment or function call and instead saw an expression  @typescript-eslint/no-unused-expressions
  8:10914   error  Expected an assignment or function call and instead saw an expression  @typescript-eslint/no-unused-expressions
  8:10989   error  Expected an assignment or function call and instead saw an expression  @typescript-eslint/no-unused-expressions
  8:14974   error  Expected an assignment or function call and instead saw an expression  @typescript-eslint/no-unused-expressions
  8:15077   error  Expected an assignment or function call and instead saw an expression  @typescript-eslint/no-unused-expressions
  8:15655   error  Expected an assignment or function call and instead saw an expression  @typescript-eslint/no-unused-expressions
  8:15968   error  Expected an assignment or function call and instead saw an expression  @typescript-eslint/no-unused-expressions
  8:16692   error  Expected an assignment or function call and instead saw an expression  @typescript-eslint/no-unused-expressions
  8:16974   error  Expected an assignment or function call and instead saw an expression  @typescript-eslint/no-unused-expressions
  8:17145   error  Expected an assignment or function call and instead saw an expression  @typescript-eslint/no-unused-expressions
  8:20354   error  Expected an assignment or function call and instead saw an expression  @typescript-eslint/no-unused-expressions
  8:21619   error  Expected an assignment or function call and instead saw an expression  @typescript-eslint/no-unused-expressions
  8:21976   error  Expected an assignment or function call and instead saw an expression  @typescript-eslint/no-unused-expressions
  8:22134   error  Expected an assignment or function call and instead saw an expression  @typescript-eslint/no-unused-expressions
  8:22250   error  Expected an assignment or function call and instead saw an expression  @typescript-eslint/no-unused-expressions
  8:22296   error  Expected an assignment or function call and instead saw an expression  @typescript-eslint/no-unused-expressions
  8:24251   error  Expected an assignment or function call and instead saw an expression  @typescript-eslint/no-unused-expressions
  8:25153   error  Expected an assignment or function call and instead saw an expression  @typescript-eslint/no-unused-expressions
  8:26435   error  Expected an assignment or function call and instead saw an expression  @typescript-eslint/no-unused-expressions
  8:27592   error  Expected an assignment or function call and instead saw an expression  @typescript-eslint/no-unused-expressions
  8:27647   error  Expected an assignment or function call and instead saw an expression  @typescript-eslint/no-unused-expressions
  8:27686   error  Expected an assignment or function call and instead saw an expression  @typescript-eslint/no-unused-expressions
  8:27926   error  Expected an assignment or function call and instead saw an expression  @typescript-eslint/no-unused-expressions
  8:27983   error  Expected an assignment or function call and instead saw an expression  @typescript-eslint/no-unused-expressions
  8:28342   error  Expected an assignment or function call and instead saw an expression  @typescript-eslint/no-unused-expressions
  8:28422   error  Expected an assignment or function call and instead saw an expression  @typescript-eslint/no-unused-expressions
  8:30060   error  Expected an assignment or function call and instead saw an expression  @typescript-eslint/no-unused-expressions
  8:30284   error  Expected an assignment or function call and instead saw an expression  @typescript-eslint/no-unused-expressions
  8:30757   error  Expected an assignment or function call and instead saw an expression  @typescript-eslint/no-unused-expressions
  8:30777   error  Expected an assignment or function call and instead saw an expression  @typescript-eslint/no-unused-expressions
  8:31505   error  Expected an assignment or function call and instead saw an expression  @typescript-eslint/no-unused-expressions
  8:31558   error  Expected an assignment or function call and instead saw an expression  @typescript-eslint/no-unused-expressions
  8:31630   error  Expected an assignment or function call and instead saw an expression  @typescript-eslint/no-unused-expressions
  8:31684   error  Expected an assignment or function call and instead saw an expression  @typescript-eslint/no-unused-expressions
  8:31759   error  Expected an assignment or function call and instead saw an expression  @typescript-eslint/no-unused-expressions
  8:31794   error  Expected an assignment or function call and instead saw an expression  @typescript-eslint/no-unused-expressions
  8:31859   error  Expected an assignment or function call and instead saw an expression  @typescript-eslint/no-unused-expressions
  8:31920   error  Expected an assignment or function call and instead saw an expression  @typescript-eslint/no-unused-expressions
  8:32009   error  Expected an assignment or function call and instead saw an expression  @typescript-eslint/no-unused-expressions
  8:32346   error  Expected an assignment or function call and instead saw an expression  @typescript-eslint/no-unused-expressions
  8:32565   error  Expected an assignment or function call and instead saw an expression  @typescript-eslint/no-unused-expressions
  8:32642   error  Expected an assignment or function call and instead saw an expression  @typescript-eslint/no-unused-expressions
  8:32785   error  Expected an assignment or function call and instead saw an expression  @typescript-eslint/no-unused-expressions
  8:32840   error  Expected an assignment or function call and instead saw an expression  @typescript-eslint/no-unused-expressions
  8:33687   error  Expected an assignment or function call and instead saw an expression  @typescript-eslint/no-unused-expressions
  8:33794   error  Expected an assignment or function call and instead saw an expression  @typescript-eslint/no-unused-expressions
  8:33910   error  Expected an assignment or function call and instead saw an expression  @typescript-eslint/no-unused-expressions
  8:33989   error  Expected an assignment or function call and instead saw an expression  @typescript-eslint/no-unused-expressions
  8:34044   error  Expected an assignment or function call and instead saw an expression  @typescript-eslint/no-unused-expressions
  8:34491   error  Expected an assignment or function call and instead saw an expression  @typescript-eslint/no-unused-expressions
  8:34649   error  Expected an assignment or function call and instead saw an expression  @typescript-eslint/no-unused-expressions
  8:34719   error  Expected an assignment or function call and instead saw an expression  @typescript-eslint/no-unused-expressions
  8:34997   error  Expected an assignment or function call and instead saw an expression  @typescript-eslint/no-unused-expressions
  8:35265   error  Expected an assignment or function call and instead saw an expression  @typescript-eslint/no-unused-expressions
  8:35397   error  Expected an assignment or function call and instead saw an expression  @typescript-eslint/no-unused-expressions
  8:35691   error  Expected an assignment or function call and instead saw an expression  @typescript-eslint/no-unused-expressions
  8:35958   error  Expected an assignment or function call and instead saw an expression  @typescript-eslint/no-unused-expressions
  8:36207   error  Expected an assignment or function call and instead saw an expression  @typescript-eslint/no-unused-expressions
  8:36494   error  Expected an assignment or function call and instead saw an expression  @typescript-eslint/no-unused-expressions
  8:36701   error  Expected an assignment or function call and instead saw an expression  @typescript-eslint/no-unused-expressions
  8:36888   error  Expected an assignment or function call and instead saw an expression  @typescript-eslint/no-unused-expressions
  8:37040   error  Expected an assignment or function call and instead saw an expression  @typescript-eslint/no-unused-expressions
  8:37084   error  Expected an assignment or function call and instead saw an expression  @typescript-eslint/no-unused-expressions
  8:37267   error  Expected an assignment or function call and instead saw an expression  @typescript-eslint/no-unused-expressions
  8:37556   error  Expected an assignment or function call and instead saw an expression  @typescript-eslint/no-unused-expressions
  8:37620   error  Expected an assignment or function call and instead saw an expression  @typescript-eslint/no-unused-expressions
  8:37648   error  Expected an assignment or function call and instead saw an expression  @typescript-eslint/no-unused-expressions
  8:37712   error  Expected an assignment or function call and instead saw an expression  @typescript-eslint/no-unused-expressions
  8:37743   error  Expected an assignment or function call and instead saw an expression  @typescript-eslint/no-unused-expressions
  8:37859   error  Expected an assignment or function call and instead saw an expression  @typescript-eslint/no-unused-expressions
  8:38442   error  Expected an assignment or function call and instead saw an expression  @typescript-eslint/no-unused-expressions
  8:38517   error  Expected an assignment or function call and instead saw an expression  @typescript-eslint/no-unused-expressions
  8:38595   error  Expected an assignment or function call and instead saw an expression  @typescript-eslint/no-unused-expressions
  8:39102   error  Expected an assignment or function call and instead saw an expression  @typescript-eslint/no-unused-expressions
  8:39374   error  Expected an assignment or function call and instead saw an expression  @typescript-eslint/no-unused-expressions
  8:39473   error  Expected an assignment or function call and instead saw an expression  @typescript-eslint/no-unused-expressions
  8:39546   error  Expected an assignment or function call and instead saw an expression  @typescript-eslint/no-unused-expressions
  8:42145   error  Expected an assignment or function call and instead saw an expression  @typescript-eslint/no-unused-expressions
  8:42213   error  Expected an assignment or function call and instead saw an expression  @typescript-eslint/no-unused-expressions
  8:42235   error  Expected an assignment or function call and instead saw an expression  @typescript-eslint/no-unused-expressions
  8:42388   error  Expected an assignment or function call and instead saw an expression  @typescript-eslint/no-unused-expressions
  8:42500   error  Expected an assignment or function call and instead saw an expression  @typescript-eslint/no-unused-expressions
  8:42826   error  Expected an assignment or function call and instead saw an expression  @typescript-eslint/no-unused-expressions
  8:42897   error  Expected an assignment or function call and instead saw an expression  @typescript-eslint/no-unused-expressions
  8:42919   error  Expected an assignment or function call and instead saw an expression  @typescript-eslint/no-unused-expressions
  8:43074   error  Expected an assignment or function call and instead saw an expression  @typescript-eslint/no-unused-expressions
  8:43197   error  Expected an assignment or function call and instead saw an expression  @typescript-eslint/no-unused-expressions
  8:43635   error  Expected an assignment or function call and instead saw an expression  @typescript-eslint/no-unused-expressions
  8:43789   error  Expected an assignment or function call and instead saw an expression  @typescript-eslint/no-unused-expressions
  8:43863   error  Expected an assignment or function call and instead saw an expression  @typescript-eslint/no-unused-expressions
  8:43882   error  Expected an assignment or function call and instead saw an expression  @typescript-eslint/no-unused-expressions
  8:44189   error  Expected an assignment or function call and instead saw an expression  @typescript-eslint/no-unused-expressions
  8:44262   error  Expected an assignment or function call and instead saw an expression  @typescript-eslint/no-unused-expressions
  8:44281   error  Expected an assignment or function call and instead saw an expression  @typescript-eslint/no-unused-expressions
  8:45150   error  Expected an assignment or function call and instead saw an expression  @typescript-eslint/no-unused-expressions
  8:45689   error  Expected an assignment or function call and instead saw an expression  @typescript-eslint/no-unused-expressions
  8:45946   error  Expected an assignment or function call and instead saw an expression  @typescript-eslint/no-unused-expressions
  8:45997   error  Expected an assignment or function call and instead saw an expression  @typescript-eslint/no-unused-expressions
  8:46034   error  Expected an assignment or function call and instead saw an expression  @typescript-eslint/no-unused-expressions
  8:46156   error  Expected an assignment or function call and instead saw an expression  @typescript-eslint/no-unused-expressions
  8:46460   error  Expected an assignment or function call and instead saw an expression  @typescript-eslint/no-unused-expressions
  8:46516   error  Expected an assignment or function call and instead saw an expression  @typescript-eslint/no-unused-expressions
  8:46660   error  Expected an assignment or function call and instead saw an expression  @typescript-eslint/no-unused-expressions
  8:46745   error  Expected an assignment or function call and instead saw an expression  @typescript-eslint/no-unused-expressions
  8:47116   error  Expected an assignment or function call and instead saw an expression  @typescript-eslint/no-unused-expressions
  8:47226   error  Expected an assignment or function call and instead saw an expression  @typescript-eslint/no-unused-expressions
  8:47391   error  Expected an assignment or function call and instead saw an expression  @typescript-eslint/no-unused-expressions
  8:47467   error  Expected an assignment or function call and instead saw an expression  @typescript-eslint/no-unused-expressions
  8:47813   error  Expected an assignment or function call and instead saw an expression  @typescript-eslint/no-unused-expressions
  8:47865   error  Expected an assignment or function call and instead saw an expression  @typescript-eslint/no-unused-expressions
  8:47905   error  Expected an assignment or function call and instead saw an expression  @typescript-eslint/no-unused-expressions
  8:47990   error  Expected an assignment or function call and instead saw an expression  @typescript-eslint/no-unused-expressions
  8:48105   error  Expected an assignment or function call and instead saw an expression  @typescript-eslint/no-unused-expressions
  8:48163   error  Expected an assignment or function call and instead saw an expression  @typescript-eslint/no-unused-expressions
  8:48238   error  Expected an assignment or function call and instead saw an expression  @typescript-eslint/no-unused-expressions
  8:48287   error  Expected an assignment or function call and instead saw an expression  @typescript-eslint/no-unused-expressions
  8:48349   error  Expected an assignment or function call and instead saw an expression  @typescript-eslint/no-unused-expressions
  8:48389   error  Expected an assignment or function call and instead saw an expression  @typescript-eslint/no-unused-expressions
  8:48671   error  Expected an assignment or function call and instead saw an expression  @typescript-eslint/no-unused-expressions
  8:48802   error  Expected an assignment or function call and instead saw an expression  @typescript-eslint/no-unused-expressions
  8:49364   error  Expected an assignment or function call and instead saw an expression  @typescript-eslint/no-unused-expressions
  8:49568   error  Expected an assignment or function call and instead saw an expression  @typescript-eslint/no-unused-expressions
  8:49655   error  Expected an assignment or function call and instead saw an expression  @typescript-eslint/no-unused-expressions
  8:49908   error  Expected an assignment or function call and instead saw an expression  @typescript-eslint/no-unused-expressions
  8:50032   error  Expected an assignment or function call and instead saw an expression  @typescript-eslint/no-unused-expressions
  8:50074   error  Expected an assignment or function call and instead saw an expression  @typescript-eslint/no-unused-expressions
  8:50393   error  Expected an assignment or function call and instead saw an expression  @typescript-eslint/no-unused-expressions
  8:50471   error  Expected an assignment or function call and instead saw an expression  @typescript-eslint/no-unused-expressions
  8:51148   error  Expected an assignment or function call and instead saw an expression  @typescript-eslint/no-unused-expressions
  8:51689   error  Expected an assignment or function call and instead saw an expression  @typescript-eslint/no-unused-expressions
  8:51712   error  Expected an assignment or function call and instead saw an expression  @typescript-eslint/no-unused-expressions
  8:51921   error  Expected an assignment or function call and instead saw an expression  @typescript-eslint/no-unused-expressions
  8:52092   error  Expected an assignment or function call and instead saw an expression  @typescript-eslint/no-unused-expressions
  8:52130   error  Expected an assignment or function call and instead saw an expression  @typescript-eslint/no-unused-expressions
  8:52307   error  Expected an assignment or function call and instead saw an expression  @typescript-eslint/no-unused-expressions
  8:52372   error  Expected an assignment or function call and instead saw an expression  @typescript-eslint/no-unused-expressions
  8:52669   error  Expected an assignment or function call and instead saw an expression  @typescript-eslint/no-unused-expressions
  8:52979   error  Expected an assignment or function call and instead saw an expression  @typescript-eslint/no-unused-expressions
  8:53017   error  Expected an assignment or function call and instead saw an expression  @typescript-eslint/no-unused-expressions
  8:53495   error  Expected an assignment or function call and instead saw an expression  @typescript-eslint/no-unused-expressions
  8:53544   error  Expected an assignment or function call and instead saw an expression  @typescript-eslint/no-unused-expressions
  8:53714   error  Expected an assignment or function call and instead saw an expression  @typescript-eslint/no-unused-expressions
  8:53792   error  Expected an assignment or function call and instead saw an expression  @typescript-eslint/no-unused-expressions
  8:53926   error  Expected an assignment or function call and instead saw an expression  @typescript-eslint/no-unused-expressions
  8:54473   error  Expected an assignment or function call and instead saw an expression  @typescript-eslint/no-unused-expressions
  8:54687   error  Expected an assignment or function call and instead saw an expression  @typescript-eslint/no-unused-expressions
  8:54746   error  Expected an assignment or function call and instead saw an expression  @typescript-eslint/no-unused-expressions
  8:54800   error  Expected an assignment or function call and instead saw an expression  @typescript-eslint/no-unused-expressions
  8:54860   error  Expected an assignment or function call and instead saw an expression  @typescript-eslint/no-unused-expressions
  8:54918   error  Expected an assignment or function call and instead saw an expression  @typescript-eslint/no-unused-expressions
  8:55057   error  Expected an assignment or function call and instead saw an expression  @typescript-eslint/no-unused-expressions
  8:55261   error  Expected an assignment or function call and instead saw an expression  @typescript-eslint/no-unused-expressions
  8:55612   error  Expected an assignment or function call and instead saw an expression  @typescript-eslint/no-unused-expressions
  8:55654   error  Expected an assignment or function call and instead saw an expression  @typescript-eslint/no-unused-expressions
  8:55710   error  Expected an assignment or function call and instead saw an expression  @typescript-eslint/no-unused-expressions
  8:56461   error  Expected an assignment or function call and instead saw an expression  @typescript-eslint/no-unused-expressions
  8:56831   error  Expected an assignment or function call and instead saw an expression  @typescript-eslint/no-unused-expressions
  8:56981   error  Expected an assignment or function call and instead saw an expression  @typescript-eslint/no-unused-expressions
  8:57224   error  Expected an assignment or function call and instead saw an expression  @typescript-eslint/no-unused-expressions
  8:57280   error  Expected an assignment or function call and instead saw an expression  @typescript-eslint/no-unused-expressions
  8:57608   error  Expected an assignment or function call and instead saw an expression  @typescript-eslint/no-unused-expressions
  8:57724   error  Expected an assignment or function call and instead saw an expression  @typescript-eslint/no-unused-expressions
  8:58479   error  Expected an assignment or function call and instead saw an expression  @typescript-eslint/no-unused-expressions
  8:58548   error  Expected an assignment or function call and instead saw an expression  @typescript-eslint/no-unused-expressions
  8:58729   error  Expected an assignment or function call and instead saw an expression  @typescript-eslint/no-unused-expressions
  8:59387   error  Expected an assignment or function call and instead saw an expression  @typescript-eslint/no-unused-expressions
  8:59674   error  Expected an assignment or function call and instead saw an expression  @typescript-eslint/no-unused-expressions
  8:59782   error  Expected an assignment or function call and instead saw an expression  @typescript-eslint/no-unused-expressions
  8:60543   error  Expected an assignment or function call and instead saw an expression  @typescript-eslint/no-unused-expressions
  8:60682   error  Expected an assignment or function call and instead saw an expression  @typescript-eslint/no-unused-expressions
  8:60784   error  Expected an assignment or function call and instead saw an expression  @typescript-eslint/no-unused-expressions
  8:61372   error  Expected an assignment or function call and instead saw an expression  @typescript-eslint/no-unused-expressions
  8:62454   error  Expected an assignment or function call and instead saw an expression  @typescript-eslint/no-unused-expressions
  8:62700   error  Expected an assignment or function call and instead saw an expression  @typescript-eslint/no-unused-expressions
  8:62801   error  Expected an assignment or function call and instead saw an expression  @typescript-eslint/no-unused-expressions
  8:64654   error  Expected an assignment or function call and instead saw an expression  @typescript-eslint/no-unused-expressions
  8:64841   error  Expected an assignment or function call and instead saw an expression  @typescript-eslint/no-unused-expressions
  8:64997   error  Expected an assignment or function call and instead saw an expression  @typescript-eslint/no-unused-expressions
  8:65158   error  Expected an assignment or function call and instead saw an expression  @typescript-eslint/no-unused-expressions
  8:65447   error  Expected an assignment or function call and instead saw an expression  @typescript-eslint/no-unused-expressions
  8:65743   error  Expected an assignment or function call and instead saw an expression  @typescript-eslint/no-unused-expressions
  8:65820   error  Expected an assignment or function call and instead saw an expression  @typescript-eslint/no-unused-expressions
  8:66455   error  Expected an assignment or function call and instead saw an expression  @typescript-eslint/no-unused-expressions
  8:66540   error  Expected an assignment or function call and instead saw an expression  @typescript-eslint/no-unused-expressions
  8:66613   error  Expected an assignment or function call and instead saw an expression  @typescript-eslint/no-unused-expressions
  8:67844   error  Expected an assignment or function call and instead saw an expression  @typescript-eslint/no-unused-expressions
  8:68478   error  Expected an assignment or function call and instead saw an expression  @typescript-eslint/no-unused-expressions
  8:69151   error  Expected an assignment or function call and instead saw an expression  @typescript-eslint/no-unused-expressions
  8:69534   error  Expected an assignment or function call and instead saw an expression  @typescript-eslint/no-unused-expressions
  8:69583   error  Expected an assignment or function call and instead saw an expression  @typescript-eslint/no-unused-expressions
  8:69636   error  Expected an assignment or function call and instead saw an expression  @typescript-eslint/no-unused-expressions
  8:69825   error  Expected an assignment or function call and instead saw an expression  @typescript-eslint/no-unused-expressions
  8:71119   error  Expected an assignment or function call and instead saw an expression  @typescript-eslint/no-unused-expressions
  8:71176   error  Expected an assignment or function call and instead saw an expression  @typescript-eslint/no-unused-expressions
  8:71427   error  Expected an assignment or function call and instead saw an expression  @typescript-eslint/no-unused-expressions
  8:71673   error  Expected an assignment or function call and instead saw an expression  @typescript-eslint/no-unused-expressions
  8:71785   error  Expected an assignment or function call and instead saw an expression  @typescript-eslint/no-unused-expressions
  8:72213   error  Expected an assignment or function call and instead saw an expression  @typescript-eslint/no-unused-expressions
  8:73201   error  Expected an assignment or function call and instead saw an expression  @typescript-eslint/no-unused-expressions
  8:73272   error  Expected an assignment or function call and instead saw an expression  @typescript-eslint/no-unused-expressions
  8:73520   error  Expected an assignment or function call and instead saw an expression  @typescript-eslint/no-unused-expressions
  8:74161   error  Expected an assignment or function call and instead saw an expression  @typescript-eslint/no-unused-expressions
  8:74609   error  Expected an assignment or function call and instead saw an expression  @typescript-eslint/no-unused-expressions
  8:78999   error  Expected an assignment or function call and instead saw an expression  @typescript-eslint/no-unused-expressions
  8:79098   error  Expected an assignment or function call and instead saw an expression  @typescript-eslint/no-unused-expressions
  8:79196   error  Expected an assignment or function call and instead saw an expression  @typescript-eslint/no-unused-expressions
  8:79494   error  Expected an assignment or function call and instead saw an expression  @typescript-eslint/no-unused-expressions
  8:79850   error  Expected an assignment or function call and instead saw an expression  @typescript-eslint/no-unused-expressions
  8:79937   error  Expected an assignment or function call and instead saw an expression  @typescript-eslint/no-unused-expressions
  8:80066   error  Expected an assignment or function call and instead saw an expression  @typescript-eslint/no-unused-expressions
  8:80130   error  Expected an assignment or function call and instead saw an expression  @typescript-eslint/no-unused-expressions
  8:80373   error  Expected an assignment or function call and instead saw an expression  @typescript-eslint/no-unused-expressions
  8:80533   error  Expected an assignment or function call and instead saw an expression  @typescript-eslint/no-unused-expressions
  8:81061   error  Expected an assignment or function call and instead saw an expression  @typescript-eslint/no-unused-expressions
  8:81266   error  Expected an assignment or function call and instead saw an expression  @typescript-eslint/no-unused-expressions
  8:82293   error  Expected an assignment or function call and instead saw an expression  @typescript-eslint/no-unused-expressions
  8:82444   error  Expected an assignment or function call and instead saw an expression  @typescript-eslint/no-unused-expressions
  8:82563   error  Expected an assignment or function call and instead saw an expression  @typescript-eslint/no-unused-expressions
  8:82610   error  Expected an assignment or function call and instead saw an expression  @typescript-eslint/no-unused-expressions
  8:82657   error  Expected an assignment or function call and instead saw an expression  @typescript-eslint/no-unused-expressions
  8:82964   error  Expected an assignment or function call and instead saw an expression  @typescript-eslint/no-unused-expressions
  8:83241   error  Expected an assignment or function call and instead saw an expression  @typescript-eslint/no-unused-expressions
  8:83489   error  Expected an assignment or function call and instead saw an expression  @typescript-eslint/no-unused-expressions
  8:86509   error  Expected an assignment or function call and instead saw an expression  @typescript-eslint/no-unused-expressions
  8:86706   error  Expected an assignment or function call and instead saw an expression  @typescript-eslint/no-unused-expressions
  8:86744   error  Expected an assignment or function call and instead saw an expression  @typescript-eslint/no-unused-expressions
  8:86861   error  Expected an assignment or function call and instead saw an expression  @typescript-eslint/no-unused-expressions
  8:86899   error  Expected an assignment or function call and instead saw an expression  @typescript-eslint/no-unused-expressions
  8:87045   error  Expected an assignment or function call and instead saw an expression  @typescript-eslint/no-unused-expressions
  8:87172   error  Expected an assignment or function call and instead saw an expression  @typescript-eslint/no-unused-expressions
  8:88086   error  Expected an assignment or function call and instead saw an expression  @typescript-eslint/no-unused-expressions
  8:88210   error  Expected an assignment or function call and instead saw an expression  @typescript-eslint/no-unused-expressions
  8:88367   error  Expected an assignment or function call and instead saw an expression  @typescript-eslint/no-unused-expressions
  8:88871   error  Expected an assignment or function call and instead saw an expression  @typescript-eslint/no-unused-expressions
  8:88978   error  Expected an assignment or function call and instead saw an expression  @typescript-eslint/no-unused-expressions
  8:89200   error  Expected an assignment or function call and instead saw an expression  @typescript-eslint/no-unused-expressions
  8:89341   error  Expected an assignment or function call and instead saw an expression  @typescript-eslint/no-unused-expressions
  8:89470   error  Expected an assignment or function call and instead saw an expression  @typescript-eslint/no-unused-expressions
  8:89657   error  Expected an assignment or function call and instead saw an expression  @typescript-eslint/no-unused-expressions
  8:89801   error  Expected an assignment or function call and instead saw an expression  @typescript-eslint/no-unused-expressions
  8:90020   error  Expected an assignment or function call and instead saw an expression  @typescript-eslint/no-unused-expressions
  8:90129   error  Expected an assignment or function call and instead saw an expression  @typescript-eslint/no-unused-expressions
  8:90403   error  Expected an assignment or function call and instead saw an expression  @typescript-eslint/no-unused-expressions
  8:90458   error  Expected an assignment or function call and instead saw an expression  @typescript-eslint/no-unused-expressions
  8:90473   error  Expected an assignment or function call and instead saw an expression  @typescript-eslint/no-unused-expressions
  8:90920   error  Expected an assignment or function call and instead saw an expression  @typescript-eslint/no-unused-expressions
  8:90975   error  Expected an assignment or function call and instead saw an expression  @typescript-eslint/no-unused-expressions
  8:90990   error  Expected an assignment or function call and instead saw an expression  @typescript-eslint/no-unused-expressions
  8:91990   error  Expected an assignment or function call and instead saw an expression  @typescript-eslint/no-unused-expressions
  8:92083   error  Expected an assignment or function call and instead saw an expression  @typescript-eslint/no-unused-expressions
  8:92360   error  Expected an assignment or function call and instead saw an expression  @typescript-eslint/no-unused-expressions
  8:92452   error  Expected an assignment or function call and instead saw an expression  @typescript-eslint/no-unused-expressions
  8:94555   error  Expected an assignment or function call and instead saw an expression  @typescript-eslint/no-unused-expressions
  8:94633   error  Expected an assignment or function call and instead saw an expression  @typescript-eslint/no-unused-expressions
  8:94750   error  Expected an assignment or function call and instead saw an expression  @typescript-eslint/no-unused-expressions
  8:94953   error  Expected an assignment or function call and instead saw an expression  @typescript-eslint/no-unused-expressions
  8:95183   error  Expected an assignment or function call and instead saw an expression  @typescript-eslint/no-unused-expressions
  8:95417   error  Expected an assignment or function call and instead saw an expression  @typescript-eslint/no-unused-expressions
  8:95681   error  Expected an assignment or function call and instead saw an expression  @typescript-eslint/no-unused-expressions
  8:95787   error  Expected an assignment or function call and instead saw an expression  @typescript-eslint/no-unused-expressions
  8:95876   error  Expected an assignment or function call and instead saw an expression  @typescript-eslint/no-unused-expressions
  8:96062   error  Expected an assignment or function call and instead saw an expression  @typescript-eslint/no-unused-expressions
  8:96775   error  Expected an assignment or function call and instead saw an expression  @typescript-eslint/no-unused-expressions
  8:96816   error  Expected an assignment or function call and instead saw an expression  @typescript-eslint/no-unused-expressions
  8:96932   error  Expected an assignment or function call and instead saw an expression  @typescript-eslint/no-unused-expressions
  8:97330   error  Expected an assignment or function call and instead saw an expression  @typescript-eslint/no-unused-expressions
  8:97442   error  Expected an assignment or function call and instead saw an expression  @typescript-eslint/no-unused-expressions
  8:97842   error  Expected an assignment or function call and instead saw an expression  @typescript-eslint/no-unused-expressions
  8:97915   error  Expected an assignment or function call and instead saw an expression  @typescript-eslint/no-unused-expressions
  8:98108   error  Expected an assignment or function call and instead saw an expression  @typescript-eslint/no-unused-expressions
  8:98257   error  Expected an assignment or function call and instead saw an expression  @typescript-eslint/no-unused-expressions
  8:98342   error  Expected an assignment or function call and instead saw an expression  @typescript-eslint/no-unused-expressions
  8:98609   error  Expected an assignment or function call and instead saw an expression  @typescript-eslint/no-unused-expressions
  8:98639   error  Expected an assignment or function call and instead saw an expression  @typescript-eslint/no-unused-expressions
  8:98661   error  Expected an assignment or function call and instead saw an expression  @typescript-eslint/no-unused-expressions
  8:98702   error  Expected an assignment or function call and instead saw an expression  @typescript-eslint/no-unused-expressions
  8:98838   error  Expected an assignment or function call and instead saw an expression  @typescript-eslint/no-unused-expressions
  8:99215   error  Expected an assignment or function call and instead saw an expression  @typescript-eslint/no-unused-expressions
  8:99419   error  Expected an assignment or function call and instead saw an expression  @typescript-eslint/no-unused-expressions
  8:99562   error  Expected an assignment or function call and instead saw an expression  @typescript-eslint/no-unused-expressions
  8:100179  error  Expected an assignment or function call and instead saw an expression  @typescript-eslint/no-unused-expressions
  8:100392  error  Expected an assignment or function call and instead saw an expression  @typescript-eslint/no-unused-expressions
  8:100415  error  Expected an assignment or function call and instead saw an expression  @typescript-eslint/no-unused-expressions
  8:100529  error  Expected an assignment or function call and instead saw an expression  @typescript-eslint/no-unused-expressions
  8:100615  error  Expected an assignment or function call and instead saw an expression  @typescript-eslint/no-unused-expressions
  8:100816  error  Expected an assignment or function call and instead saw an expression  @typescript-eslint/no-unused-expressions
  8:100912  error  Expected an assignment or function call and instead saw an expression  @typescript-eslint/no-unused-expressions
  8:101013  error  Expected an assignment or function call and instead saw an expression  @typescript-eslint/no-unused-expressions
  8:101081  error  Expected an assignment or function call and instead saw an expression  @typescript-eslint/no-unused-expressions
  8:101279  error  Expected an assignment or function call and instead saw an expression  @typescript-eslint/no-unused-expressions
  8:101435  error  Expected an assignment or function call and instead saw an expression  @typescript-eslint/no-unused-expressions
  8:101561  error  Expected an assignment or function call and instead saw an expression  @typescript-eslint/no-unused-expressions
  8:101687  error  Expected an assignment or function call and instead saw an expression  @typescript-eslint/no-unused-expressions
  8:101994  error  Expected an assignment or function call and instead saw an expression  @typescript-eslint/no-unused-expressions
  8:102051  error  Expected an assignment or function call and instead saw an expression  @typescript-eslint/no-unused-expressions
  8:102118  error  Expected an assignment or function call and instead saw an expression  @typescript-eslint/no-unused-expressions
  8:102584  error  Expected an assignment or function call and instead saw an expression  @typescript-eslint/no-unused-expressions
  8:102825  error  Expected an assignment or function call and instead saw an expression  @typescript-eslint/no-unused-expressions
  8:102936  error  Expected an assignment or function call and instead saw an expression  @typescript-eslint/no-unused-expressions
  8:103194  error  Expected an assignment or function call and instead saw an expression  @typescript-eslint/no-unused-expressions
  8:103239  error  Expected an assignment or function call and instead saw an expression  @typescript-eslint/no-unused-expressions
  8:103315  error  Expected an assignment or function call and instead saw an expression  @typescript-eslint/no-unused-expressions
  8:103410  error  Expected an assignment or function call and instead saw an expression  @typescript-eslint/no-unused-expressions
  8:103435  error  Expected an assignment or function call and instead saw an expression  @typescript-eslint/no-unused-expressions
  8:103659  error  Expected an assignment or function call and instead saw an expression  @typescript-eslint/no-unused-expressions
  8:103745  error  Expected an assignment or function call and instead saw an expression  @typescript-eslint/no-unused-expressions
  8:104093  error  Expected an assignment or function call and instead saw an expression  @typescript-eslint/no-unused-expressions
  8:104298  error  Expected an assignment or function call and instead saw an expression  @typescript-eslint/no-unused-expressions
  8:104408  error  Expected an assignment or function call and instead saw an expression  @typescript-eslint/no-unused-expressions
  8:104686  error  Expected an assignment or function call and instead saw an expression  @typescript-eslint/no-unused-expressions
  8:104943  error  Expected an assignment or function call and instead saw an expression  @typescript-eslint/no-unused-expressions
  8:104979  error  Expected an assignment or function call and instead saw an expression  @typescript-eslint/no-unused-expressions
  8:105066  error  Expected an assignment or function call and instead saw an expression  @typescript-eslint/no-unused-expressions
  8:105101  error  Expected an assignment or function call and instead saw an expression  @typescript-eslint/no-unused-expressions
  8:105304  error  Expected an assignment or function call and instead saw an expression  @typescript-eslint/no-unused-expressions
  8:105400  error  Expected an assignment or function call and instead saw an expression  @typescript-eslint/no-unused-expressions
  8:105443  error  Expected an assignment or function call and instead saw an expression  @typescript-eslint/no-unused-expressions
  8:105523  error  Expected an assignment or function call and instead saw an expression  @typescript-eslint/no-unused-expressions
  8:105631  error  Expected an assignment or function call and instead saw an expression  @typescript-eslint/no-unused-expressions
  8:105939  error  Expected an assignment or function call and instead saw an expression  @typescript-eslint/no-unused-expressions
  8:106048  error  Expected an assignment or function call and instead saw an expression  @typescript-eslint/no-unused-expressions
  8:106125  error  Expected an assignment or function call and instead saw an expression  @typescript-eslint/no-unused-expressions
  8:106309  error  Expected an assignment or function call and instead saw an expression  @typescript-eslint/no-unused-expressions
  8:106412  error  Expected an assignment or function call and instead saw an expression  @typescript-eslint/no-unused-expressions
  8:106744  error  Expected an assignment or function call and instead saw an expression  @typescript-eslint/no-unused-expressions
  8:106898  error  Expected an assignment or function call and instead saw an expression  @typescript-eslint/no-unused-expressions
  8:107034  error  Expected an assignment or function call and instead saw an expression  @typescript-eslint/no-unused-expressions
  8:107064  error  Expected an assignment or function call and instead saw an expression  @typescript-eslint/no-unused-expressions
  8:107169  error  Expected an assignment or function call and instead saw an expression  @typescript-eslint/no-unused-expressions
  8:107268  error  Expected an assignment or function call and instead saw an expression  @typescript-eslint/no-unused-expressions
  8:107392  error  Expected an assignment or function call and instead saw an expression  @typescript-eslint/no-unused-expressions
  8:107457  error  Expected an assignment or function call and instead saw an expression  @typescript-eslint/no-unused-expressions
  8:107596  error  Expected an assignment or function call and instead saw an expression  @typescript-eslint/no-unused-expressions
  8:107695  error  Expected an assignment or function call and instead saw an expression  @typescript-eslint/no-unused-expressions
  8:107741  error  Expected an assignment or function call and instead saw an expression  @typescript-eslint/no-unused-expressions
  8:107869  error  Expected an assignment or function call and instead saw an expression  @typescript-eslint/no-unused-expressions
  8:107929  error  Expected an assignment or function call and instead saw an expression  @typescript-eslint/no-unused-expressions
  8:107960  error  Expected an assignment or function call and instead saw an expression  @typescript-eslint/no-unused-expressions
  8:108818  error  Expected an assignment or function call and instead saw an expression  @typescript-eslint/no-unused-expressions
  8:108859  error  Expected an assignment or function call and instead saw an expression  @typescript-eslint/no-unused-expressions
  8:108901  error  Expected an assignment or function call and instead saw an expression  @typescript-eslint/no-unused-expressions
  8:108986  error  Expected an assignment or function call and instead saw an expression  @typescript-eslint/no-unused-expressions
  8:109111  error  Expected an assignment or function call and instead saw an expression  @typescript-eslint/no-unused-expressions
  8:109358  error  Expected an assignment or function call and instead saw an expression  @typescript-eslint/no-unused-expressions
  8:109436  error  Expected an assignment or function call and instead saw an expression  @typescript-eslint/no-unused-expressions
  8:109878  error  Expected an assignment or function call and instead saw an expression  @typescript-eslint/no-unused-expressions
  8:109950  error  Expected an assignment or function call and instead saw an expression  @typescript-eslint/no-unused-expressions
  8:110554  error  Expected an assignment or function call and instead saw an expression  @typescript-eslint/no-unused-expressions
  8:111046  error  Expected an assignment or function call and instead saw an expression  @typescript-eslint/no-unused-expressions
  8:111135  error  Expected an assignment or function call and instead saw an expression  @typescript-eslint/no-unused-expressions
  8:111172  error  Expected an assignment or function call and instead saw an expression  @typescript-eslint/no-unused-expressions
  8:111246  error  Expected an assignment or function call and instead saw an expression  @typescript-eslint/no-unused-expressions
  8:111473  error  Expected an assignment or function call and instead saw an expression  @typescript-eslint/no-unused-expressions
  8:111694  error  Expected an assignment or function call and instead saw an expression  @typescript-eslint/no-unused-expressions
  8:111734  error  Expected an assignment or function call and instead saw an expression  @typescript-eslint/no-unused-expressions
  8:111908  error  Expected an assignment or function call and instead saw an expression  @typescript-eslint/no-unused-expressions
  8:111944  error  Expected an assignment or function call and instead saw an expression  @typescript-eslint/no-unused-expressions
  8:112160  error  Expected an assignment or function call and instead saw an expression  @typescript-eslint/no-unused-expressions
  8:112196  error  Expected an assignment or function call and instead saw an expression  @typescript-eslint/no-unused-expressions
  8:112310  error  Expected an assignment or function call and instead saw an expression  @typescript-eslint/no-unused-expressions
  8:112340  error  Expected an assignment or function call and instead saw an expression  @typescript-eslint/no-unused-expressions
  8:112432  error  Expected an assignment or function call and instead saw an expression  @typescript-eslint/no-unused-expressions
  8:112614  error  Expected an assignment or function call and instead saw an expression  @typescript-eslint/no-unused-expressions
  8:112691  error  Expected an assignment or function call and instead saw an expression  @typescript-eslint/no-unused-expressions
  8:113000  error  Expected an assignment or function call and instead saw an expression  @typescript-eslint/no-unused-expressions
  8:113092  error  Expected an assignment or function call and instead saw an expression  @typescript-eslint/no-unused-expressions
  8:113298  error  Expected an assignment or function call and instead saw an expression  @typescript-eslint/no-unused-expressions
  8:113397  error  Expected an assignment or function call and instead saw an expression  @typescript-eslint/no-unused-expressions
  8:113583  error  Expected an assignment or function call and instead saw an expression  @typescript-eslint/no-unused-expressions
  8:113760  error  Expected an assignment or function call and instead saw an expression  @typescript-eslint/no-unused-expressions
  8:113952  error  Expected an assignment or function call and instead saw an expression  @typescript-eslint/no-unused-expressions
  8:114048  error  Expected an assignment or function call and instead saw an expression  @typescript-eslint/no-unused-expressions
  8:114194  error  Expected an assignment or function call and instead saw an expression  @typescript-eslint/no-unused-expressions
  8:114411  error  Expected an assignment or function call and instead saw an expression  @typescript-eslint/no-unused-expressions
  8:114601  error  Expected an assignment or function call and instead saw an expression  @typescript-eslint/no-unused-expressions
  8:115046  error  Expected an assignment or function call and instead saw an expression  @typescript-eslint/no-unused-expressions
  8:115096  error  Expected an assignment or function call and instead saw an expression  @typescript-eslint/no-unused-expressions
  8:115176  error  Expected an assignment or function call and instead saw an expression  @typescript-eslint/no-unused-expressions
  8:115255  error  Expected an assignment or function call and instead saw an expression  @typescript-eslint/no-unused-expressions
  8:115318  error  Expected an assignment or function call and instead saw an expression  @typescript-eslint/no-unused-expressions
  8:115646  error  Expected an assignment or function call and instead saw an expression  @typescript-eslint/no-unused-expressions
  8:115777  error  Expected an assignment or function call and instead saw an expression  @typescript-eslint/no-unused-expressions
  8:115848  error  Expected an assignment or function call and instead saw an expression  @typescript-eslint/no-unused-expressions
  8:115930  error  Expected an assignment or function call and instead saw an expression  @typescript-eslint/no-unused-expressions
  8:115981  error  Expected an assignment or function call and instead saw an expression  @typescript-eslint/no-unused-expressions
  8:116066  error  Expected an assignment or function call and instead saw an expression  @typescript-eslint/no-unused-expressions
  8:116182  error  Expected an assignment or function call and instead saw an expression  @typescript-eslint/no-unused-expressions
  8:116228  error  Expected an assignment or function call and instead saw an expression  @typescript-eslint/no-unused-expressions
  8:116464  error  Expected an assignment or function call and instead saw an expression  @typescript-eslint/no-unused-expressions
  8:116804  error  Expected an assignment or function call and instead saw an expression  @typescript-eslint/no-unused-expressions
  8:116848  error  Expected an assignment or function call and instead saw an expression  @typescript-eslint/no-unused-expressions
  8:116866  error  Expected an assignment or function call and instead saw an expression  @typescript-eslint/no-unused-expressions
  8:116977  error  Expected an assignment or function call and instead saw an expression  @typescript-eslint/no-unused-expressions
  8:117148  error  Expected an assignment or function call and instead saw an expression  @typescript-eslint/no-unused-expressions
  8:117188  error  Expected an assignment or function call and instead saw an expression  @typescript-eslint/no-unused-expressions
  8:117228  error  Expected an assignment or function call and instead saw an expression  @typescript-eslint/no-unused-expressions
  8:117291  error  Expected an assignment or function call and instead saw an expression  @typescript-eslint/no-unused-expressions
  8:117403  error  Expected an assignment or function call and instead saw an expression  @typescript-eslint/no-unused-expressions
  8:117669  error  Expected an assignment or function call and instead saw an expression  @typescript-eslint/no-unused-expressions
  8:117896  error  Expected an assignment or function call and instead saw an expression  @typescript-eslint/no-unused-expressions
  8:117925  error  Expected an assignment or function call and instead saw an expression  @typescript-eslint/no-unused-expressions
  8:117979  error  Expected an assignment or function call and instead saw an expression  @typescript-eslint/no-unused-expressions
  8:118103  error  Expected an assignment or function call and instead saw an expression  @typescript-eslint/no-unused-expressions
  8:118169  error  Expected an assignment or function call and instead saw an expression  @typescript-eslint/no-unused-expressions
  8:118616  error  Expected an assignment or function call and instead saw an expression  @typescript-eslint/no-unused-expressions
  8:118692  error  Expected an assignment or function call and instead saw an expression  @typescript-eslint/no-unused-expressions
  8:118905  error  Expected an assignment or function call and instead saw an expression  @typescript-eslint/no-unused-expressions
  8:119200  error  Expected an assignment or function call and instead saw an expression  @typescript-eslint/no-unused-expressions
  8:119252  error  Expected an assignment or function call and instead saw an expression  @typescript-eslint/no-unused-expressions
  8:119500  error  Expected an assignment or function call and instead saw an expression  @typescript-eslint/no-unused-expressions
  8:119568  error  Expected an assignment or function call and instead saw an expression  @typescript-eslint/no-unused-expressions
  8:119705  error  Expected an assignment or function call and instead saw an expression  @typescript-eslint/no-unused-expressions
  8:119899  error  Expected an assignment or function call and instead saw an expression  @typescript-eslint/no-unused-expressions
  8:119947  error  Expected an assignment or function call and instead saw an expression  @typescript-eslint/no-unused-expressions
  8:120092  error  Expected an assignment or function call and instead saw an expression  @typescript-eslint/no-unused-expressions
  8:120155  error  Expected an assignment or function call and instead saw an expression  @typescript-eslint/no-unused-expressions
  8:120299  error  Expected an assignment or function call and instead saw an expression  @typescript-eslint/no-unused-expressions
  8:120393  error  Expected an assignment or function call and instead saw an expression  @typescript-eslint/no-unused-expressions
  8:120455  error  Expected an assignment or function call and instead saw an expression  @typescript-eslint/no-unused-expressions
  8:120671  error  Expected an assignment or function call and instead saw an expression  @typescript-eslint/no-unused-expressions
  8:120840  error  Expected an assignment or function call and instead saw an expression  @typescript-eslint/no-unused-expressions
  8:120987  error  Expected an assignment or function call and instead saw an expression  @typescript-eslint/no-unused-expressions
  8:121053  error  Expected an assignment or function call and instead saw an expression  @typescript-eslint/no-unused-expressions
  8:121123  error  Expected an assignment or function call and instead saw an expression  @typescript-eslint/no-unused-expressions
  8:121231  error  Expected an assignment or function call and instead saw an expression  @typescript-eslint/no-unused-expressions
  8:121461  error  Expected an assignment or function call and instead saw an expression  @typescript-eslint/no-unused-expressions
  8:121545  error  Expected an assignment or function call and instead saw an expression  @typescript-eslint/no-unused-expressions
  8:121582  error  Expected an assignment or function call and instead saw an expression  @typescript-eslint/no-unused-expressions
  8:121880  error  Expected an assignment or function call and instead saw an expression  @typescript-eslint/no-unused-expressions
  8:121964  error  Expected an assignment or function call and instead saw an expression  @typescript-eslint/no-unused-expressions
  8:122080  error  Expected an assignment or function call and instead saw an expression  @typescript-eslint/no-unused-expressions
  8:122655  error  Expected an assignment or function call and instead saw an expression  @typescript-eslint/no-unused-expressions
  8:122814  error  Expected an assignment or function call and instead saw an expression  @typescript-eslint/no-unused-expressions
  8:122923  error  Expected an assignment or function call and instead saw an expression  @typescript-eslint/no-unused-expressions
  8:123219  error  Expected an assignment or function call and instead saw an expression  @typescript-eslint/no-unused-expressions
  8:123282  error  Expected an assignment or function call and instead saw an expression  @typescript-eslint/no-unused-expressions
  8:123370  error  Expected an assignment or function call and instead saw an expression  @typescript-eslint/no-unused-expressions
  8:123570  error  Expected an assignment or function call and instead saw an expression  @typescript-eslint/no-unused-expressions
  8:123620  error  Expected an assignment or function call and instead saw an expression  @typescript-eslint/no-unused-expressions
  8:123715  error  Expected an assignment or function call and instead saw an expression  @typescript-eslint/no-unused-expressions
  8:124030  error  Expected an assignment or function call and instead saw an expression  @typescript-eslint/no-unused-expressions
  8:124732  error  Expected an assignment or function call and instead saw an expression  @typescript-eslint/no-unused-expressions
  8:125144  error  Expected an assignment or function call and instead saw an expression  @typescript-eslint/no-unused-expressions
  8:125256  error  Expected an assignment or function call and instead saw an expression  @typescript-eslint/no-unused-expressions
  8:125325  error  Expected an assignment or function call and instead saw an expression  @typescript-eslint/no-unused-expressions
  8:125467  error  Expected an assignment or function call and instead saw an expression  @typescript-eslint/no-unused-expressions
  8:125481  error  Expected an assignment or function call and instead saw an expression  @typescript-eslint/no-unused-expressions
  8:125596  error  Expected an assignment or function call and instead saw an expression  @typescript-eslint/no-unused-expressions
  8:125649  error  Expected an assignment or function call and instead saw an expression  @typescript-eslint/no-unused-expressions
  8:125981  error  Expected an assignment or function call and instead saw an expression  @typescript-eslint/no-unused-expressions
  8:126372  error  Expected an assignment or function call and instead saw an expression  @typescript-eslint/no-unused-expressions
  8:126532  error  Expected an assignment or function call and instead saw an expression  @typescript-eslint/no-unused-expressions
  8:126638  error  Expected an assignment or function call and instead saw an expression  @typescript-eslint/no-unused-expressions
  8:126683  error  Expected an assignment or function call and instead saw an expression  @typescript-eslint/no-unused-expressions
  8:126777  error  Expected an assignment or function call and instead saw an expression  @typescript-eslint/no-unused-expressions
  8:126806  error  Expected an assignment or function call and instead saw an expression  @typescript-eslint/no-unused-expressions
  8:127021  error  Expected an assignment or function call and instead saw an expression  @typescript-eslint/no-unused-expressions
  8:127136  error  Expected an assignment or function call and instead saw an expression  @typescript-eslint/no-unused-expressions
  8:127190  error  Expected an assignment or function call and instead saw an expression  @typescript-eslint/no-unused-expressions
  8:127214  error  Expected an assignment or function call and instead saw an expression  @typescript-eslint/no-unused-expressions
  8:127227  error  Expected an assignment or function call and instead saw an expression  @typescript-eslint/no-unused-expressions
  8:127326  error  Expected an assignment or function call and instead saw an expression  @typescript-eslint/no-unused-expressions
  8:127498  error  Expected an assignment or function call and instead saw an expression  @typescript-eslint/no-unused-expressions
  8:127562  error  Expected an assignment or function call and instead saw an expression  @typescript-eslint/no-unused-expressions
  8:127599  error  Expected an assignment or function call and instead saw an expression  @typescript-eslint/no-unused-expressions
  8:127636  error  Expected an assignment or function call and instead saw an expression  @typescript-eslint/no-unused-expressions
  8:127673  error  Expected an assignment or function call and instead saw an expression  @typescript-eslint/no-unused-expressions
  8:127905  error  Expected an assignment or function call and instead saw an expression  @typescript-eslint/no-unused-expressions
  8:128150  error  Expected an assignment or function call and instead saw an expression  @typescript-eslint/no-unused-expressions
  8:128236  error  Expected an assignment or function call and instead saw an expression  @typescript-eslint/no-unused-expressions
  8:128270  error  Expected an assignment or function call and instead saw an expression  @typescript-eslint/no-unused-expressions
  8:128341  error  Expected an assignment or function call and instead saw an expression  @typescript-eslint/no-unused-expressions
  8:128408  error  Expected an assignment or function call and instead saw an expression  @typescript-eslint/no-unused-expressions
  8:128482  error  Expected an assignment or function call and instead saw an expression  @typescript-eslint/no-unused-expressions
  8:128522  error  Expected an assignment or function call and instead saw an expression  @typescript-eslint/no-unused-expressions
  8:128861  error  Expected an assignment or function call and instead saw an expression  @typescript-eslint/no-unused-expressions
  8:128931  error  Expected an assignment or function call and instead saw an expression  @typescript-eslint/no-unused-expressions
  8:129093  error  Expected an assignment or function call and instead saw an expression  @typescript-eslint/no-unused-expressions
  8:129266  error  Expected an assignment or function call and instead saw an expression  @typescript-eslint/no-unused-expressions
  8:129692  error  Expected an assignment or function call and instead saw an expression  @typescript-eslint/no-unused-expressions
  8:129750  error  Expected an assignment or function call and instead saw an expression  @typescript-eslint/no-unused-expressions
  8:129767  error  Expected an assignment or function call and instead saw an expression  @typescript-eslint/no-unused-expressions
  8:129942  error  Expected an assignment or function call and instead saw an expression  @typescript-eslint/no-unused-expressions
  8:130064  error  Expected an assignment or function call and instead saw an expression  @typescript-eslint/no-unused-expressions
  8:130112  error  Expected an assignment or function call and instead saw an expression  @typescript-eslint/no-unused-expressions
  8:130350  error  Expected an assignment or function call and instead saw an expression  @typescript-eslint/no-unused-expressions
  8:130599  error  Expected an assignment or function call and instead saw an expression  @typescript-eslint/no-unused-expressions
  8:130802  error  Expected an assignment or function call and instead saw an expression  @typescript-eslint/no-unused-expressions
  8:130970  error  Expected an assignment or function call and instead saw an expression  @typescript-eslint/no-unused-expressions
  8:131113  error  Expected an assignment or function call and instead saw an expression  @typescript-eslint/no-unused-expressions
  8:131168  error  Expected an assignment or function call and instead saw an expression  @typescript-eslint/no-unused-expressions
  8:131195  error  Expected an assignment or function call and instead saw an expression  @typescript-eslint/no-unused-expressions
  8:131212  error  Expected an assignment or function call and instead saw an expression  @typescript-eslint/no-unused-expressions
  8:131317  error  Expected an assignment or function call and instead saw an expression  @typescript-eslint/no-unused-expressions
  8:131393  error  Expected an assignment or function call and instead saw an expression  @typescript-eslint/no-unused-expressions
  8:131459  error  Expected an assignment or function call and instead saw an expression  @typescript-eslint/no-unused-expressions
  8:131796  error  Expected an assignment or function call and instead saw an expression  @typescript-eslint/no-unused-expressions
  8:131934  error  Expected an assignment or function call and instead saw an expression  @typescript-eslint/no-unused-expressions
  8:132037  error  Expected an assignment or function call and instead saw an expression  @typescript-eslint/no-unused-expressions
  8:132085  error  Expected an assignment or function call and instead saw an expression  @typescript-eslint/no-unused-expressions
  8:132200  error  Expected an assignment or function call and instead saw an expression  @typescript-eslint/no-unused-expressions
  8:132445  error  Expected an assignment or function call and instead saw an expression  @typescript-eslint/no-unused-expressions
  8:132712  error  Expected an assignment or function call and instead saw an expression  @typescript-eslint/no-unused-expressions
  8:132752  error  Expected an assignment or function call and instead saw an expression  @typescript-eslint/no-unused-expressions
  8:133066  error  Expected an assignment or function call and instead saw an expression  @typescript-eslint/no-unused-expressions
  8:133254  error  Expected an assignment or function call and instead saw an expression  @typescript-eslint/no-unused-expressions
  8:133300  error  Expected an assignment or function call and instead saw an expression  @typescript-eslint/no-unused-expressions
  8:133398  error  Expected an assignment or function call and instead saw an expression  @typescript-eslint/no-unused-expressions
  8:133596  error  Expected an assignment or function call and instead saw an expression  @typescript-eslint/no-unused-expressions
  8:133689  error  Expected an assignment or function call and instead saw an expression  @typescript-eslint/no-unused-expressions
  8:133814  error  Expected an assignment or function call and instead saw an expression  @typescript-eslint/no-unused-expressions
  8:133942  error  Expected an assignment or function call and instead saw an expression  @typescript-eslint/no-unused-expressions
  8:134062  error  Expected an assignment or function call and instead saw an expression  @typescript-eslint/no-unused-expressions
  8:134307  error  Expected an assignment or function call and instead saw an expression  @typescript-eslint/no-unused-expressions
  8:134379  error  Expected an assignment or function call and instead saw an expression  @typescript-eslint/no-unused-expressions
  8:134406  error  Expected an assignment or function call and instead saw an expression  @typescript-eslint/no-unused-expressions
  8:134586  error  Expected an assignment or function call and instead saw an expression  @typescript-eslint/no-unused-expressions
  8:134668  error  Expected an assignment or function call and instead saw an expression  @typescript-eslint/no-unused-expressions
  8:134760  error  Expected an assignment or function call and instead saw an expression  @typescript-eslint/no-unused-expressions
  8:134940  error  Expected an assignment or function call and instead saw an expression  @typescript-eslint/no-unused-expressions
  8:135977  error  Expected an assignment or function call and instead saw an expression  @typescript-eslint/no-unused-expressions
  8:136032  error  Expected an assignment or function call and instead saw an expression  @typescript-eslint/no-unused-expressions
  8:136301  error  Expected an assignment or function call and instead saw an expression  @typescript-eslint/no-unused-expressions
  8:136618  error  Expected an assignment or function call and instead saw an expression  @typescript-eslint/no-unused-expressions
  8:136864  error  Expected an assignment or function call and instead saw an expression  @typescript-eslint/no-unused-expressions
  8:138460  error  Expected an assignment or function call and instead saw an expression  @typescript-eslint/no-unused-expressions
  8:138506  error  Expected an assignment or function call and instead saw an expression  @typescript-eslint/no-unused-expressions
  8:138654  error  Expected an assignment or function call and instead saw an expression  @typescript-eslint/no-unused-expressions
  8:138700  error  Expected an assignment or function call and instead saw an expression  @typescript-eslint/no-unused-expressions
  8:138756  error  Expected an assignment or function call and instead saw an expression  @typescript-eslint/no-unused-expressions
  8:138805  error  Expected an assignment or function call and instead saw an expression  @typescript-eslint/no-unused-expressions
  8:138866  error  Expected an assignment or function call and instead saw an expression  @typescript-eslint/no-unused-expressions
  8:138975  error  Expected an assignment or function call and instead saw an expression  @typescript-eslint/no-unused-expressions
  8:139007  error  Expected an assignment or function call and instead saw an expression  @typescript-eslint/no-unused-expressions
  8:139106  error  Expected an assignment or function call and instead saw an expression  @typescript-eslint/no-unused-expressions
  8:139250  error  Expected an assignment or function call and instead saw an expression  @typescript-eslint/no-unused-expressions
  8:140086  error  Expected an assignment or function call and instead saw an expression  @typescript-eslint/no-unused-expressions
  8:140122  error  Expected an assignment or function call and instead saw an expression  @typescript-eslint/no-unused-expressions
  8:141197  error  Expected an assignment or function call and instead saw an expression  @typescript-eslint/no-unused-expressions
  8:141423  error  Expected an assignment or function call and instead saw an expression  @typescript-eslint/no-unused-expressions
  8:142217  error  Expected an assignment or function call and instead saw an expression  @typescript-eslint/no-unused-expressions
  8:142368  error  Expected an assignment or function call and instead saw an expression  @typescript-eslint/no-unused-expressions
  8:142421  error  Expected an assignment or function call and instead saw an expression  @typescript-eslint/no-unused-expressions
  8:142593  error  Expected an assignment or function call and instead saw an expression  @typescript-eslint/no-unused-expressions
  8:142888  error  Expected an assignment or function call and instead saw an expression  @typescript-eslint/no-unused-expressions
  8:142980  error  Expected an assignment or function call and instead saw an expression  @typescript-eslint/no-unused-expressions
  8:143964  error  Expected an assignment or function call and instead saw an expression  @typescript-eslint/no-unused-expressions
  8:144100  error  Expected an assignment or function call and instead saw an expression  @typescript-eslint/no-unused-expressions
  9:132     error  Expected an assignment or function call and instead saw an expression  @typescript-eslint/no-unused-expressions
  9:223     error  Expected an assignment or function call and instead saw an expression  @typescript-eslint/no-unused-expressions
  9:680     error  Expected an assignment or function call and instead saw an expression  @typescript-eslint/no-unused-expressions
  9:1458    error  Expected an assignment or function call and instead saw an expression  @typescript-eslint/no-unused-expressions
  9:1506    error  Expected an assignment or function call and instead saw an expression  @typescript-eslint/no-unused-expressions
  9:1552    error  Expected an assignment or function call and instead saw an expression  @typescript-eslint/no-unused-expressions
  9:1600    error  Expected an assignment or function call and instead saw an expression  @typescript-eslint/no-unused-expressions
  9:1795    error  Expected an assignment or function call and instead saw an expression  @typescript-eslint/no-unused-expressions
  9:2270    error  Expected an assignment or function call and instead saw an expression  @typescript-eslint/no-unused-expressions
  9:2501    error  Expected an assignment or function call and instead saw an expression  @typescript-eslint/no-unused-expressions
  9:2989    error  Expected an assignment or function call and instead saw an expression  @typescript-eslint/no-unused-expressions
  9:3110    error  Expected an assignment or function call and instead saw an expression  @typescript-eslint/no-unused-expressions
  9:3287    error  Expected an assignment or function call and instead saw an expression  @typescript-eslint/no-unused-expressions
  9:3427    error  Expected an assignment or function call and instead saw an expression  @typescript-eslint/no-unused-expressions
  9:3548    error  Expected an assignment or function call and instead saw an expression  @typescript-eslint/no-unused-expressions
  9:4442    error  Expected an assignment or function call and instead saw an expression  @typescript-eslint/no-unused-expressions
  9:4710    error  Expected an assignment or function call and instead saw an expression  @typescript-eslint/no-unused-expressions
  9:4884    error  Expected an assignment or function call and instead saw an expression  @typescript-eslint/no-unused-expressions
  9:4932    error  Expected an assignment or function call and instead saw an expression  @typescript-eslint/no-unused-expressions
  9:4979    error  Expected an assignment or function call and instead saw an expression  @typescript-eslint/no-unused-expressions
  9:5381    error  Expected an assignment or function call and instead saw an expression  @typescript-eslint/no-unused-expressions
  9:5506    error  Expected an assignment or function call and instead saw an expression  @typescript-eslint/no-unused-expressions
  9:5695    error  Expected an assignment or function call and instead saw an expression  @typescript-eslint/no-unused-expressions
  9:5942    error  Expected an assignment or function call and instead saw an expression  @typescript-eslint/no-unused-expressions
  9:6622    error  Expected an assignment or function call and instead saw an expression  @typescript-eslint/no-unused-expressions
  9:7186    error  Expected an assignment or function call and instead saw an expression  @typescript-eslint/no-unused-expressions
  9:7374    error  Expected an assignment or function call and instead saw an expression  @typescript-eslint/no-unused-expressions
  9:7475    error  Expected an assignment or function call and instead saw an expression  @typescript-eslint/no-unused-expressions
  9:7814    error  Expected an assignment or function call and instead saw an expression  @typescript-eslint/no-unused-expressions
  9:7896    error  Expected an assignment or function call and instead saw an expression  @typescript-eslint/no-unused-expressions
  9:8274    error  Expected an assignment or function call and instead saw an expression  @typescript-eslint/no-unused-expressions
  9:8412    error  Expected an assignment or function call and instead saw an expression  @typescript-eslint/no-unused-expressions
  9:8447    error  Expected an assignment or function call and instead saw an expression  @typescript-eslint/no-unused-expressions
  9:8485    error  Expected an assignment or function call and instead saw an expression  @typescript-eslint/no-unused-expressions
  9:8530    error  Expected an assignment or function call and instead saw an expression  @typescript-eslint/no-unused-expressions
  9:8566    error  Expected an assignment or function call and instead saw an expression  @typescript-eslint/no-unused-expressions
  9:8609    error  Expected an assignment or function call and instead saw an expression  @typescript-eslint/no-unused-expressions
  9:8725    error  Expected an assignment or function call and instead saw an expression  @typescript-eslint/no-unused-expressions
  9:8906    error  Expected an assignment or function call and instead saw an expression  @typescript-eslint/no-unused-expressions
  9:9035    error  Expected an assignment or function call and instead saw an expression  @typescript-eslint/no-unused-expressions
  9:9078    error  Expected an assignment or function call and instead saw an expression  @typescript-eslint/no-unused-expressions
  9:9117    error  Expected an assignment or function call and instead saw an expression  @typescript-eslint/no-unused-expressions
  9:9143    error  Expected an assignment or function call and instead saw an expression  @typescript-eslint/no-unused-expressions
  9:9165    error  Expected an assignment or function call and instead saw an expression  @typescript-eslint/no-unused-expressions
  9:9524    error  Expected an assignment or function call and instead saw an expression  @typescript-eslint/no-unused-expressions
  9:9567    error  Expected an assignment or function call and instead saw an expression  @typescript-eslint/no-unused-expressions
  9:9686    error  Expected an assignment or function call and instead saw an expression  @typescript-eslint/no-unused-expressions
  9:9985    error  Expected an assignment or function call and instead saw an expression  @typescript-eslint/no-unused-expressions
  9:10274   error  Expected an assignment or function call and instead saw an expression  @typescript-eslint/no-unused-expressions
  9:10583   error  Expected an assignment or function call and instead saw an expression  @typescript-eslint/no-unused-expressions
  9:10677   error  Expected an assignment or function call and instead saw an expression  @typescript-eslint/no-unused-expressions
  9:10783   error  Expected an assignment or function call and instead saw an expression  @typescript-eslint/no-unused-expressions
  9:10871   error  Expected an assignment or function call and instead saw an expression  @typescript-eslint/no-unused-expressions
  9:11420   error  Expected an assignment or function call and instead saw an expression  @typescript-eslint/no-unused-expressions
  9:12983   error  Expected an assignment or function call and instead saw an expression  @typescript-eslint/no-unused-expressions
  9:13151   error  Expected an assignment or function call and instead saw an expression  @typescript-eslint/no-unused-expressions
  9:13240   error  Expected an assignment or function call and instead saw an expression  @typescript-eslint/no-unused-expressions
  9:13349   error  Expected an assignment or function call and instead saw an expression  @typescript-eslint/no-unused-expressions
  9:13793   error  Expected an assignment or function call and instead saw an expression  @typescript-eslint/no-unused-expressions
  9:14128   error  Expected an assignment or function call and instead saw an expression  @typescript-eslint/no-unused-expressions
  9:14155   error  Expected an assignment or function call and instead saw an expression  @typescript-eslint/no-unused-expressions
  9:14302   error  Expected an assignment or function call and instead saw an expression  @typescript-eslint/no-unused-expressions
  9:14473   error  Expected an assignment or function call and instead saw an expression  @typescript-eslint/no-unused-expressions
  9:15727   error  Expected an assignment or function call and instead saw an expression  @typescript-eslint/no-unused-expressions
  9:16312   error  Expected an assignment or function call and instead saw an expression  @typescript-eslint/no-unused-expressions
  9:16797   error  Expected an assignment or function call and instead saw an expression  @typescript-eslint/no-unused-expressions
  9:16990   error  Expected an assignment or function call and instead saw an expression  @typescript-eslint/no-unused-expressions
  9:17062   error  Expected an assignment or function call and instead saw an expression  @typescript-eslint/no-unused-expressions
  9:17284   error  Expected an assignment or function call and instead saw an expression  @typescript-eslint/no-unused-expressions
  9:17412   error  Expected an assignment or function call and instead saw an expression  @typescript-eslint/no-unused-expressions
  9:17738   error  Expected an assignment or function call and instead saw an expression  @typescript-eslint/no-unused-expressions
  9:17761   error  Expected an assignment or function call and instead saw an expression  @typescript-eslint/no-unused-expressions
  9:17847   error  Expected an assignment or function call and instead saw an expression  @typescript-eslint/no-unused-expressions
  9:17963   error  Expected an assignment or function call and instead saw an expression  @typescript-eslint/no-unused-expressions
  9:18048   error  Expected an assignment or function call and instead saw an expression  @typescript-eslint/no-unused-expressions
  9:18341   error  Expected an assignment or function call and instead saw an expression  @typescript-eslint/no-unused-expressions
  9:18645   error  Expected an assignment or function call and instead saw an expression  @typescript-eslint/no-unused-expressions
  9:18849   error  Expected an assignment or function call and instead saw an expression  @typescript-eslint/no-unused-expressions
  9:18956   error  Unexpected aliasing of 'this' to local variable                        @typescript-eslint/no-this-alias
  9:18967   error  Expected an assignment or function call and instead saw an expression  @typescript-eslint/no-unused-expressions
  9:19025   error  Expected an assignment or function call and instead saw an expression  @typescript-eslint/no-unused-expressions
  9:19615   error  Expected an assignment or function call and instead saw an expression  @typescript-eslint/no-unused-expressions
  9:20186   error  Expected an assignment or function call and instead saw an expression  @typescript-eslint/no-unused-expressions
  9:20597   error  Expected an assignment or function call and instead saw an expression  @typescript-eslint/no-unused-expressions
  9:21103   error  Expected an assignment or function call and instead saw an expression  @typescript-eslint/no-unused-expressions
  9:21326   error  Expected an assignment or function call and instead saw an expression  @typescript-eslint/no-unused-expressions
  9:21596   error  Expected an assignment or function call and instead saw an expression  @typescript-eslint/no-unused-expressions
  9:21702   error  Expected an assignment or function call and instead saw an expression  @typescript-eslint/no-unused-expressions
  9:21889   error  Expected an assignment or function call and instead saw an expression  @typescript-eslint/no-unused-expressions
  9:22253   error  Expected an assignment or function call and instead saw an expression  @typescript-eslint/no-unused-expressions
  9:22317   error  Expected an assignment or function call and instead saw an expression  @typescript-eslint/no-unused-expressions
  9:22368   error  Expected an assignment or function call and instead saw an expression  @typescript-eslint/no-unused-expressions
  9:22885   error  Expected an assignment or function call and instead saw an expression  @typescript-eslint/no-unused-expressions
  9:23297   error  Expected an assignment or function call and instead saw an expression  @typescript-eslint/no-unused-expressions
  9:23427   error  Expected an assignment or function call and instead saw an expression  @typescript-eslint/no-unused-expressions
  9:24865   error  Expected an assignment or function call and instead saw an expression  @typescript-eslint/no-unused-expressions
  9:25306   error  Expected an assignment or function call and instead saw an expression  @typescript-eslint/no-unused-expressions
  9:25374   error  Expected an assignment or function call and instead saw an expression  @typescript-eslint/no-unused-expressions
  9:25511   error  Expected an assignment or function call and instead saw an expression  @typescript-eslint/no-unused-expressions
  9:25632   error  Expected an assignment or function call and instead saw an expression  @typescript-eslint/no-unused-expressions
  9:25847   error  Expected an assignment or function call and instead saw an expression  @typescript-eslint/no-unused-expressions
  9:25956   error  Expected an assignment or function call and instead saw an expression  @typescript-eslint/no-unused-expressions
  9:26026   error  Expected an assignment or function call and instead saw an expression  @typescript-eslint/no-unused-expressions
  9:26229   error  Expected an assignment or function call and instead saw an expression  @typescript-eslint/no-unused-expressions
  9:26293   error  Expected an assignment or function call and instead saw an expression  @typescript-eslint/no-unused-expressions
  9:26558   error  Expected an assignment or function call and instead saw an expression  @typescript-eslint/no-unused-expressions
  9:28414   error  Expected an assignment or function call and instead saw an expression  @typescript-eslint/no-unused-expressions
  9:28463   error  Expected an assignment or function call and instead saw an expression  @typescript-eslint/no-unused-expressions
  9:28900   error  Expected an assignment or function call and instead saw an expression  @typescript-eslint/no-unused-expressions
  9:29141   error  Expected an assignment or function call and instead saw an expression  @typescript-eslint/no-unused-expressions
  9:29291   error  Expected an assignment or function call and instead saw an expression  @typescript-eslint/no-unused-expressions
  9:29802   error  Expected an assignment or function call and instead saw an expression  @typescript-eslint/no-unused-expressions
  9:29851   error  Expected an assignment or function call and instead saw an expression  @typescript-eslint/no-unused-expressions
  9:30343   error  Expected an assignment or function call and instead saw an expression  @typescript-eslint/no-unused-expressions
  9:30504   error  Expected an assignment or function call and instead saw an expression  @typescript-eslint/no-unused-expressions
  9:30756   error  Expected an assignment or function call and instead saw an expression  @typescript-eslint/no-unused-expressions
  9:30807   error  Expected an assignment or function call and instead saw an expression  @typescript-eslint/no-unused-expressions
  9:30934   error  Expected an assignment or function call and instead saw an expression  @typescript-eslint/no-unused-expressions
  9:31407   error  Expected an assignment or function call and instead saw an expression  @typescript-eslint/no-unused-expressions
  9:32029   error  Expected an assignment or function call and instead saw an expression  @typescript-eslint/no-unused-expressions
  9:32296   error  Expected an assignment or function call and instead saw an expression  @typescript-eslint/no-unused-expressions
  9:32404   error  Expected an assignment or function call and instead saw an expression  @typescript-eslint/no-unused-expressions
  9:32455   error  Expected an assignment or function call and instead saw an expression  @typescript-eslint/no-unused-expressions
  9:32608   error  Expected an assignment or function call and instead saw an expression  @typescript-eslint/no-unused-expressions
  9:32763   error  Expected an assignment or function call and instead saw an expression  @typescript-eslint/no-unused-expressions
  9:33068   error  Expected an assignment or function call and instead saw an expression  @typescript-eslint/no-unused-expressions
  9:34872   error  Expected an assignment or function call and instead saw an expression  @typescript-eslint/no-unused-expressions
  9:34984   error  Expected an assignment or function call and instead saw an expression  @typescript-eslint/no-unused-expressions
  9:35674   error  Expected an assignment or function call and instead saw an expression  @typescript-eslint/no-unused-expressions
  9:35801   error  Expected an assignment or function call and instead saw an expression  @typescript-eslint/no-unused-expressions
  9:36183   error  Expected an assignment or function call and instead saw an expression  @typescript-eslint/no-unused-expressions
  9:36532   error  Expected an assignment or function call and instead saw an expression  @typescript-eslint/no-unused-expressions
  9:36653   error  Expected an assignment or function call and instead saw an expression  @typescript-eslint/no-unused-expressions
  9:36754   error  Expected an assignment or function call and instead saw an expression  @typescript-eslint/no-unused-expressions
  9:36934   error  Expected an assignment or function call and instead saw an expression  @typescript-eslint/no-unused-expressions
  9:37240   error  Expected an assignment or function call and instead saw an expression  @typescript-eslint/no-unused-expressions
  9:37294   error  Expected an assignment or function call and instead saw an expression  @typescript-eslint/no-unused-expressions
  9:38232   error  Expected an assignment or function call and instead saw an expression  @typescript-eslint/no-unused-expressions
  9:38569   error  Expected an assignment or function call and instead saw an expression  @typescript-eslint/no-unused-expressions
  9:38707   error  Expected an assignment or function call and instead saw an expression  @typescript-eslint/no-unused-expressions
  9:38798   error  Expected an assignment or function call and instead saw an expression  @typescript-eslint/no-unused-expressions
  9:38829   error  Expected an assignment or function call and instead saw an expression  @typescript-eslint/no-unused-expressions
  9:38882   error  Expected an assignment or function call and instead saw an expression  @typescript-eslint/no-unused-expressions
  9:39293   error  Expected an assignment or function call and instead saw an expression  @typescript-eslint/no-unused-expressions
  9:39323   error  Expected an assignment or function call and instead saw an expression  @typescript-eslint/no-unused-expressions
  9:39495   error  Expected an assignment or function call and instead saw an expression  @typescript-eslint/no-unused-expressions
  9:39576   error  Expected an assignment or function call and instead saw an expression  @typescript-eslint/no-unused-expressions
  9:39778   error  Expected an assignment or function call and instead saw an expression  @typescript-eslint/no-unused-expressions
  9:39815   error  Expected an assignment or function call and instead saw an expression  @typescript-eslint/no-unused-expressions
  9:39851   error  Expected an assignment or function call and instead saw an expression  @typescript-eslint/no-unused-expressions
  9:39905   error  Expected an assignment or function call and instead saw an expression  @typescript-eslint/no-unused-expressions
  9:40088   error  Expected an assignment or function call and instead saw an expression  @typescript-eslint/no-unused-expressions
  9:40218   error  Expected an assignment or function call and instead saw an expression  @typescript-eslint/no-unused-expressions
  9:40314   error  Expected an assignment or function call and instead saw an expression  @typescript-eslint/no-unused-expressions
  9:40331   error  Expected an assignment or function call and instead saw an expression  @typescript-eslint/no-unused-expressions
  9:40768   error  Expected an assignment or function call and instead saw an expression  @typescript-eslint/no-unused-expressions
  9:41764   error  Expected an assignment or function call and instead saw an expression  @typescript-eslint/no-unused-expressions
  9:42071   error  Expected an assignment or function call and instead saw an expression  @typescript-eslint/no-unused-expressions
  9:42167   error  Expected an assignment or function call and instead saw an expression  @typescript-eslint/no-unused-expressions
  9:42285   error  Expected an assignment or function call and instead saw an expression  @typescript-eslint/no-unused-expressions
  9:42378   error  Expected an assignment or function call and instead saw an expression  @typescript-eslint/no-unused-expressions
  9:42404   error  Expected an assignment or function call and instead saw an expression  @typescript-eslint/no-unused-expressions
  9:42471   error  Expected an assignment or function call and instead saw an expression  @typescript-eslint/no-unused-expressions
  9:42497   error  Expected an assignment or function call and instead saw an expression  @typescript-eslint/no-unused-expressions
  9:42562   error  Expected an assignment or function call and instead saw an expression  @typescript-eslint/no-unused-expressions
  9:42889   error  Expected an assignment or function call and instead saw an expression  @typescript-eslint/no-unused-expressions
  9:42917   error  Expected an assignment or function call and instead saw an expression  @typescript-eslint/no-unused-expressions
  9:42977   error  Expected an assignment or function call and instead saw an expression  @typescript-eslint/no-unused-expressions
  9:43072   error  Expected an assignment or function call and instead saw an expression  @typescript-eslint/no-unused-expressions
  9:43486   error  Expected an assignment or function call and instead saw an expression  @typescript-eslint/no-unused-expressions
  9:46183   error  Expected an assignment or function call and instead saw an expression  @typescript-eslint/no-unused-expressions
  9:46274   error  Expected an assignment or function call and instead saw an expression  @typescript-eslint/no-unused-expressions
  9:46646   error  Expected an assignment or function call and instead saw an expression  @typescript-eslint/no-unused-expressions
  9:46776   error  Expected an assignment or function call and instead saw an expression  @typescript-eslint/no-unused-expressions
  9:46809   error  Expected an assignment or function call and instead saw an expression  @typescript-eslint/no-unused-expressions
  9:46949   error  Expected an assignment or function call and instead saw an expression  @typescript-eslint/no-unused-expressions
  9:47082   error  Expected an assignment or function call and instead saw an expression  @typescript-eslint/no-unused-expressions
  9:47161   error  Expected an assignment or function call and instead saw an expression  @typescript-eslint/no-unused-expressions
  9:47308   error  Expected an assignment or function call and instead saw an expression  @typescript-eslint/no-unused-expressions
  9:47442   error  Expected an assignment or function call and instead saw an expression  @typescript-eslint/no-unused-expressions
  9:47571   error  Expected an assignment or function call and instead saw an expression  @typescript-eslint/no-unused-expressions
  9:47655   error  Expected an assignment or function call and instead saw an expression  @typescript-eslint/no-unused-expressions
  9:47827   error  Expected an assignment or function call and instead saw an expression  @typescript-eslint/no-unused-expressions
  9:47976   error  Expected an assignment or function call and instead saw an expression  @typescript-eslint/no-unused-expressions
  9:48063   error  Expected an assignment or function call and instead saw an expression  @typescript-eslint/no-unused-expressions
  9:48236   error  Expected an assignment or function call and instead saw an expression  @typescript-eslint/no-unused-expressions
  9:48353   error  Expected an assignment or function call and instead saw an expression  @typescript-eslint/no-unused-expressions
  9:48682   error  Expected an assignment or function call and instead saw an expression  @typescript-eslint/no-unused-expressions
  9:48895   error  Expected an assignment or function call and instead saw an expression  @typescript-eslint/no-unused-expressions
  9:49183   error  Expected an assignment or function call and instead saw an expression  @typescript-eslint/no-unused-expressions
  9:49432   error  Expected an assignment or function call and instead saw an expression  @typescript-eslint/no-unused-expressions
  9:49998   error  Expected an assignment or function call and instead saw an expression  @typescript-eslint/no-unused-expressions
  9:50653   error  Expected an assignment or function call and instead saw an expression  @typescript-eslint/no-unused-expressions
  9:50731   error  Expected an assignment or function call and instead saw an expression  @typescript-eslint/no-unused-expressions
  9:51741   error  Expected an assignment or function call and instead saw an expression  @typescript-eslint/no-unused-expressions
  9:51844   error  Expected an assignment or function call and instead saw an expression  @typescript-eslint/no-unused-expressions
  9:52126   error  Expected an assignment or function call and instead saw an expression  @typescript-eslint/no-unused-expressions

✖ 841 problems (841 errors, 0 warnings)

[ELIFECYCLE] Command failed with exit code 1.
